child_asin,parent_asin,title,sku
B000000264,P000000010,Synthetic Product 180,SKU-00407
B000000149,P000000010,Synthetic Product 179,SKU-00406
B000000347,P000000010,Synthetic Product 170,SKU-00390
B000000601,P000000010,Synthetic Product 177,SKU-00402
B000000019,P000000010,Synthetic Product 178,SKU-00404
B000000463,P000000010,Synthetic Product 175,SKU-00399
B000000135,P000000010,Synthetic Product 172,SKU-00392
B000000551,P000000010,Synthetic Product 174,SKU-00396
B000000222,P000000010,Synthetic Product 168,SKU-00387
B000000246,P000000010,Synthetic Product 178,SKU-00405
B000000418,P000000010,Synthetic Product 174,SKU-00397
B000000631,P000000010,Synthetic Product 171,SKU-00391
B000000033,P000000010,Synthetic Product 185,SKU-00412
B000000097,P000000010,Synthetic Product 187,SKU-00415
B000000304,P000000010,Synthetic Product 186,SKU-00414
B000000351,P000000010,Synthetic Product 173,SKU-00394
B000000193,P000000010,Synthetic Product 185,SKU-00413
B000000518,P000000010,Synthetic Product 175,SKU-00400
B000000180,P000000010,Synthetic Product 167,SKU-00385
B000000637,P000000010,Synthetic Product 173,SKU-00395
B000000486,P000000010,Synthetic Product 177,SKU-00403
B000000372,P000000010,Synthetic Product 169,SKU-00389
B000000163,P000000010,Synthetic Product 184,SKU-00411
B000000041,P000000010,Synthetic Product 187,SKU-00416
B000000055,P000000010,Synthetic Product 176,SKU-00401
B000000407,P000000010,Synthetic Product 181,SKU-00408
B000000235,P000000010,Synthetic Product 183,SKU-00410
B000000221,P000000010,Synthetic Product 167,SKU-00386
B000000196,P000000010,Synthetic Product 168,SKU-00388
B000000178,P000000010,Synthetic Product 172,SKU-00393
B000000483,P000000010,Synthetic Product 174,SKU-00398
B000000114,P000000010,Synthetic Product 182,SKU-00409
B000000099,P000000016,Synthetic Product 346,SKU-00059
B000000263,P000000016,Synthetic Product 332,SKU-00036
B000000565,P000000016,Synthetic Product 347,SKU-00061
B000000051,P000000016,Synthetic Product 330,SKU-00034
B000000597,P000000016,Synthetic Product 341,SKU-00051
B000000082,P000000016,Synthetic Product 347,SKU-00062
B000000104,P000000016,Synthetic Product 333,SKU-00040
B000000507,P000000016,Synthetic Product 339,SKU-00049
B000000328,P000000016,Synthetic Product 347,SKU-00063
B000000466,P000000016,Synthetic Product 335,SKU-00043
B000000009,P000000016,Synthetic Product 343,SKU-00055
B000000071,P000000016,Synthetic Product 333,SKU-00041
B000000147,P000000016,Synthetic Product 331,SKU-00035
B000000634,P000000016,Synthetic Product 332,SKU-00037
B000000224,P000000016,Synthetic Product 334,SKU-00042
B000000185,P000000016,Synthetic Product 347,SKU-00064
B000000028,P000000016,Synthetic Product 332,SKU-00038
B000000101,P000000016,Synthetic Product 337,SKU-00045
B000000107,P000000016,Synthetic Product 329,SKU-00033
B000000302,P000000016,Synthetic Product 345,SKU-00058
B000000524,P000000016,Synthetic Product 340,SKU-00050
B000000391,P000000016,Synthetic Product 344,SKU-00057
B000000455,P000000016,Synthetic Product 336,SKU-00044
B000000153,P000000016,Synthetic Product 332,SKU-00039
B000000292,P000000016,Synthetic Product 337,SKU-00046
B000000225,P000000016,Synthetic Product 341,SKU-00052
B000000243,P000000016,Synthetic Product 338,SKU-00047
B000000479,P000000016,Synthetic Product 346,SKU-00060
B000000378,P000000016,Synthetic Product 343,SKU-00056
B000000594,P000000016,Synthetic Product 341,SKU-00053
B000000186,P000000016,Synthetic Product 342,SKU-00054
B000000508,P000000016,Synthetic Product 338,SKU-00048
B000000316,P000000013,Synthetic Product 265,SKU-00221
B000000319,P000000013,Synthetic Product 254,SKU-00202
B000000158,P000000013,Synthetic Product 254,SKU-00203
B000000327,P000000013,Synthetic Product 256,SKU-00210
B000000326,P000000013,Synthetic Product 248,SKU-00193
B000000169,P000000013,Synthetic Product 266,SKU-00222
B000000062,P000000013,Synthetic Product 253,SKU-00200
B000000034,P000000013,Synthetic Product 252,SKU-00198
B000000257,P000000013,Synthetic Product 259,SKU-00214
B000000248,P000000013,Synthetic Product 255,SKU-00207
B000000383,P000000013,Synthetic Product 266,SKU-00223
B000000249,P000000013,Synthetic Product 254,SKU-00204
B000000497,P000000013,Synthetic Product 255,SKU-00208
B000000274,P000000013,Synthetic Product 263,SKU-00219
B000000519,P000000013,Synthetic Product 254,SKU-00205
B000000618,P000000013,Synthetic Product 259,SKU-00215
B000000393,P000000013,Synthetic Product 248,SKU-00194
B000000467,P000000013,Synthetic Product 251,SKU-00197
B000000046,P000000013,Synthetic Product 256,SKU-00211
B000000293,P000000013,Synthetic Product 266,SKU-00224
B000000625,P000000013,Synthetic Product 264,SKU-00220
B000000272,P000000013,Synthetic Product 249,SKU-00195
B000000579,P000000013,Synthetic Product 261,SKU-00217
B000000050,P000000013,Synthetic Product 260,SKU-00216
B000000405,P000000013,Synthetic Product 252,SKU-00199
B000000555,P000000013,Synthetic Product 253,SKU-00201
B000000001,P000000013,Synthetic Product 257,SKU-00212
B000000441,P000000013,Synthetic Product 254,SKU-00206
B000000105,P000000013,Synthetic Product 258,SKU-00213
B000000370,P000000013,Synthetic Product 262,SKU-00218
B000000359,P000000013,Synthetic Product 255,SKU-00209
B000000270,P000000013,Synthetic Product 250,SKU-00196
B000000462,P000000004,Synthetic Product 100,SKU-00345
B000000044,P000000004,Synthetic Product 091,SKU-00332
B000000231,P000000004,Synthetic Product 093,SKU-00335
B000000088,P000000004,Synthetic Product 101,SKU-00347
B000000548,P000000004,Synthetic Product 094,SKU-00336
B000000200,P000000004,Synthetic Product 084,SKU-00323
B000000025,P000000004,Synthetic Product 094,SKU-00337
B000000588,P000000004,Synthetic Product 098,SKU-00342
B000000332,P000000004,Synthetic Product 092,SKU-00334
B000000205,P000000004,Synthetic Product 102,SKU-00348
B000000211,P000000004,Synthetic Product 097,SKU-00341
B000000367,P000000004,Synthetic Product 086,SKU-00325
B000000543,P000000004,Synthetic Product 102,SKU-00349
B000000420,P000000004,Synthetic Product 094,SKU-00338
B000000384,P000000004,Synthetic Product 099,SKU-00344
B000000091,P000000004,Synthetic Product 098,SKU-00343
B000000530,P000000004,Synthetic Product 086,SKU-00326
B000000191,P000000004,Synthetic Product 090,SKU-00331
B000000165,P000000004,Synthetic Product 085,SKU-00324
B000000016,P000000004,Synthetic Product 102,SKU-00350
B000000608,P000000004,Synthetic Product 089,SKU-00330
B000000411,P000000004,Synthetic Product 087,SKU-00327
B000000349,P000000004,Synthetic Product 102,SKU-00351
B000000337,P000000004,Synthetic Product 091,SKU-00333
B000000240,P000000004,Synthetic Product 082,SKU-00321
B000000465,P000000004,Synthetic Product 100,SKU-00346
B000000549,P000000004,Synthetic Product 088,SKU-00329
B000000059,P000000004,Synthetic Product 083,SKU-00322
B000000590,P000000004,Synthetic Product 095,SKU-00339
B000000237,P000000004,Synthetic Product 096,SKU-00340
B000000199,P000000004,Synthetic Product 087,SKU-00328
B000000077,P000000004,Synthetic Product 102,SKU-00352
B000000136,P000000001,Synthetic Product 016,SKU-00635
B000000181,P000000001,Synthetic Product 006,SKU-00618
B000000197,P000000001,Synthetic Product 012,SKU-00629
B000000152,P000000001,Synthetic Product 006,SKU-00619
B000000058,P000000001,Synthetic Product 002,SKU-00610
B000000069,P000000001,Synthetic Product 004,SKU-00615
B000000614,P000000001,Synthetic Product 012,SKU-00630
B000000490,P000000001,Synthetic Product 008,SKU-00622
B000000484,P000000001,Synthetic Product 003,SKU-00613
B000000108,P000000001,Synthetic Product 017,SKU-00638
B000000204,P000000001,Synthetic Product 014,SKU-00633
B000000583,P000000001,Synthetic Product 009,SKU-00624
B000000207,P000000001,Synthetic Product 004,SKU-00616
B000000245,P000000001,Synthetic Product 011,SKU-00628
B000000150,P000000001,Synthetic Product 018,SKU-00640
B000000037,P000000001,Synthetic Product 007,SKU-00620
B000000253,P000000001,Synthetic Product 016,SKU-00636
B000000335,P000000001,Synthetic Product 005,SKU-00617
B000000254,P000000001,Synthetic Product 012,SKU-00631
B000000043,P000000001,Synthetic Product 007,SKU-00621
B000000137,P000000001,Synthetic Product 013,SKU-00632
B000000238,P000000001,Synthetic Product 001,SKU-00609
B000000296,P000000001,Synthetic Product 009,SKU-00625
B000000007,P000000001,Synthetic Product 002,SKU-00611
B000000294,P000000001,Synthetic Product 008,SKU-00623
B000000567,P000000001,Synthetic Product 017,SKU-00639
B000000515,P000000001,Synthetic Product 002,SKU-00612
B000000428,P000000001,Synthetic Product 016,SKU-00637
B000000348,P000000001,Synthetic Product 010,SKU-00626
B000000613,P000000001,Synthetic Product 015,SKU-00634
B000000215,P000000001,Synthetic Product 010,SKU-00627
B000000412,P000000001,Synthetic Product 003,SKU-00614
B000000063,P000000017,Synthetic Product 316,SKU-00593
B000000512,P000000017,Synthetic Product 318,SKU-00595
B000000364,P000000017,Synthetic Product 307,SKU-00579
B000000494,P000000017,Synthetic Product 326,SKU-00606
B000000156,P000000017,Synthetic Product 323,SKU-00601
B000000477,P000000017,Synthetic Product 323,SKU-00602
B000000227,P000000017,Synthetic Product 308,SKU-00581
B000000339,P000000017,Synthetic Product 317,SKU-00594
B000000509,P000000017,Synthetic Product 318,SKU-00596
B000000268,P000000017,Synthetic Product 307,SKU-00580
B000000584,P000000017,Synthetic Product 312,SKU-00586
B000000164,P000000017,Synthetic Product 315,SKU-00591
B000000443,P000000017,Synthetic Product 321,SKU-00599
B000000310,P000000017,Synthetic Product 324,SKU-00603
B000000425,P000000017,Synthetic Product 315,SKU-00592
B000000192,P000000017,Synthetic Product 312,SKU-00587
B000000038,P000000017,Synthetic Product 325,SKU-00604
B000000436,P000000017,Synthetic Product 320,SKU-00598
B000000154,P000000017,Synthetic Product 311,SKU-00585
B000000323,P000000017,Synthetic Product 310,SKU-00583
B000000566,P000000017,Synthetic Product 327,SKU-00607
B000000182,P000000017,Synthetic Product 328,SKU-00608
B000000547,P000000017,Synthetic Product 319,SKU-00597
B000000133,P000000017,Synthetic Product 306,SKU-00577
B000000456,P000000017,Synthetic Product 310,SKU-00584
B000000314,P000000017,Synthetic Product 306,SKU-00578
B000000404,P000000017,Synthetic Product 325,SKU-00605
B000000100,P000000017,Synthetic Product 312,SKU-00588
B000000415,P000000017,Synthetic Product 322,SKU-00600
B000000419,P000000017,Synthetic Product 314,SKU-00590
B000000269,P000000017,Synthetic Product 309,SKU-00582
B000000300,P000000017,Synthetic Product 313,SKU-00589
B000000451,P000000002,Synthetic Product 019,SKU-00097
B000000056,P000000002,Synthetic Product 020,SKU-00098
B000000433,P000000002,Synthetic Product 031,SKU-00112
B000000448,P000000002,Synthetic Product 025,SKU-00105
B000000118,P000000002,Synthetic Product 038,SKU-00124
B000000408,P000000002,Synthetic Product 026,SKU-00106
B000000113,P000000002,Synthetic Product 032,SKU-00114
B000000128,P000000002,Synthetic Product 034,SKU-00117
B000000538,P000000002,Synthetic Product 033,SKU-00116
B000000361,P000000002,Synthetic Product 023,SKU-00101
B000000632,P000000002,Synthetic Product 024,SKU-00102
B000000640,P000000002,Synthetic Product 030,SKU-00110
B000000003,P000000002,Synthetic Product 040,SKU-00128
B000000550,P000000002,Synthetic Product 031,SKU-00113
B000000510,P000000002,Synthetic Product 039,SKU-00126
B000000256,P000000002,Synthetic Product 027,SKU-00107
B000000623,P000000002,Synthetic Product 035,SKU-00118
B000000109,P000000002,Synthetic Product 022,SKU-00100
B000000371,P000000002,Synthetic Product 035,SKU-00119
B000000417,P000000002,Synthetic Product 037,SKU-00123
B000000536,P000000002,Synthetic Product 035,SKU-00120
B000000194,P000000002,Synthetic Product 030,SKU-00111
B000000453,P000000002,Synthetic Product 032,SKU-00115
B000000382,P000000002,Synthetic Product 029,SKU-00109
B000000616,P000000002,Synthetic Product 024,SKU-00103
B000000556,P000000002,Synthetic Product 036,SKU-00121
B000000580,P000000002,Synthetic Product 024,SKU-00104
B000000376,P000000002,Synthetic Product 038,SKU-00125
B000000190,P000000002,Synthetic Product 021,SKU-00099
B000000435,P000000002,Synthetic Product 039,SKU-00127
B000000234,P000000002,Synthetic Product 036,SKU-00122
B000000513,P000000002,Synthetic Product 028,SKU-00108
B000000295,P000000008,Synthetic Product 151,SKU-00008
B000000131,P000000008,Synthetic Product 148,SKU-00002
B000000354,P000000008,Synthetic Product 159,SKU-00020
B000000496,P000000008,Synthetic Product 160,SKU-00023
B000000116,P000000008,Synthetic Product 148,SKU-00003
B000000321,P000000008,Synthetic Product 154,SKU-00012
B000000447,P000000008,Synthetic Product 157,SKU-00018
B000000145,P000000008,Synthetic Product 155,SKU-00013
B000000282,P000000008,Synthetic Product 147,SKU-00001
B000000119,P000000008,Synthetic Product 160,SKU-00024
B000000279,P000000008,Synthetic Product 149,SKU-00004
B000000325,P000000008,Synthetic Product 164,SKU-00030
B000000343,P000000008,Synthetic Product 152,SKU-00009
B000000416,P000000008,Synthetic Product 165,SKU-00031
B000000493,P000000008,Synthetic Product 156,SKU-00017
B000000262,P000000008,Synthetic Product 159,SKU-00021
B000000102,P000000008,Synthetic Product 155,SKU-00014
B000000602,P000000008,Synthetic Product 166,SKU-00032
B000000232,P000000008,Synthetic Product 159,SKU-00022
B000000368,P000000008,Synthetic Product 155,SKU-00015
B000000476,P000000008,Synthetic Product 149,SKU-00005
B000000329,P000000008,Synthetic Product 160,SKU-00025
B000000413,P000000008,Synthetic Product 163,SKU-00029
B000000568,P000000008,Synthetic Product 152,SKU-00010
B000000320,P000000008,Synthetic Product 150,SKU-00007
B000000318,P000000008,Synthetic Product 160,SKU-00026
B000000396,P000000008,Synthetic Product 155,SKU-00016
B000000559,P000000008,Synthetic Product 158,SKU-00019
B000000498,P000000008,Synthetic Product 149,SKU-00006
B000000060,P000000008,Synthetic Product 161,SKU-00027
B000000035,P000000008,Synthetic Product 162,SKU-00028
B000000458,P000000008,Synthetic Product 153,SKU-00011
B000000446,P000000019,Synthetic Product 390,SKU-00511
B000000122,P000000019,Synthetic Product 390,SKU-00512
B000000276,P000000019,Synthetic Product 375,SKU-00486
B000000587,P000000019,Synthetic Product 382,SKU-00498
B000000134,P000000019,Synthetic Product 379,SKU-00492
B000000075,P000000019,Synthetic Product 380,SKU-00496
B000000414,P000000019,Synthetic Product 377,SKU-00490
B000000159,P000000019,Synthetic Product 381,SKU-00497
B000000322,P000000019,Synthetic Product 387,SKU-00504
B000000475,P000000019,Synthetic Product 383,SKU-00499
B000000540,P000000019,Synthetic Product 379,SKU-00493
B000000094,P000000019,Synthetic Product 387,SKU-00505
B000000627,P000000019,Synthetic Product 387,SKU-00506
B000000362,P000000019,Synthetic Product 375,SKU-00487
B000000595,P000000019,Synthetic Product 379,SKU-00494
B000000299,P000000019,Synthetic Product 376,SKU-00488
B000000532,P000000019,Synthetic Product 389,SKU-00509
B000000523,P000000019,Synthetic Product 387,SKU-00507
B000000026,P000000019,Synthetic Product 376,SKU-00489
B000000450,P000000019,Synthetic Product 386,SKU-00503
B000000125,P000000019,Synthetic Product 389,SKU-00510
B000000611,P000000019,Synthetic Product 378,SKU-00491
B000000189,P000000019,Synthetic Product 384,SKU-00501
B000000206,P000000019,Synthetic Product 372,SKU-00481
B000000563,P000000019,Synthetic Product 373,SKU-00482
B000000630,P000000019,Synthetic Product 388,SKU-00508
B000000148,P000000019,Synthetic Product 374,SKU-00484
B000000480,P000000019,Synthetic Product 383,SKU-00500
B000000388,P000000019,Synthetic Product 374,SKU-00485
B000000397,P000000019,Synthetic Product 373,SKU-00483
B000000422,P000000019,Synthetic Product 379,SKU-00495
B000000344,P000000019,Synthetic Product 385,SKU-00502
B000000115,P000000006,Synthetic Product 107,SKU-00550
B000000220,P000000006,Synthetic Product 120,SKU-00572
B000000179,P000000006,Synthetic Product 117,SKU-00568
B000000375,P000000006,Synthetic Product 121,SKU-00573
B000000188,P000000006,Synthetic Product 122,SKU-00574
B000000612,P000000006,Synthetic Product 104,SKU-00546
B000000305,P000000006,Synthetic Product 103,SKU-00545
B000000437,P000000006,Synthetic Product 109,SKU-00554
B000000089,P000000006,Synthetic Product 114,SKU-00562
B000000499,P000000006,Synthetic Product 108,SKU-00552
B000000394,P000000006,Synthetic Product 113,SKU-00560
B000000251,P000000006,Synthetic Product 113,SKU-00561
B000000581,P000000006,Synthetic Product 116,SKU-00567
B000000171,P000000006,Synthetic Product 111,SKU-00557
B000000285,P000000006,Synthetic Product 110,SKU-00556
B000000534,P000000006,Synthetic Product 109,SKU-00555
B000000027,P000000006,Synthetic Product 114,SKU-00563
B000000357,P000000006,Synthetic Product 106,SKU-00549
B000000571,P000000006,Synthetic Product 107,SKU-00551
B000000610,P000000006,Synthetic Product 105,SKU-00548
B000000155,P000000006,Synthetic Product 119,SKU-00571
B000000226,P000000006,Synthetic Product 111,SKU-00558
B000000345,P000000006,Synthetic Product 114,SKU-00564
B000000495,P000000006,Synthetic Product 104,SKU-00547
B000000216,P000000006,Synthetic Product 115,SKU-00566
B000000170,P000000006,Synthetic Product 117,SKU-00569
B000000539,P000000006,Synthetic Product 124,SKU-00576
B000000085,P000000006,Synthetic Product 123,SKU-00575
B000000434,P000000006,Synthetic Product 118,SKU-00570
B000000074,P000000006,Synthetic Product 108,SKU-00553
B000000198,P000000006,Synthetic Product 112,SKU-00559
B000000564,P000000006,Synthetic Product 114,SKU-00565
B000000259,P000000014,Synthetic Product 267,SKU-00513
B000000459,P000000014,Synthetic Product 278,SKU-00530
B000000129,P000000014,Synthetic Product 275,SKU-00525
B000000506,P000000014,Synthetic Product 272,SKU-00522
B000000278,P000000014,Synthetic Product 282,SKU-00539
B000000277,P000000014,Synthetic Product 268,SKU-00514
B000000048,P000000014,Synthetic Product 280,SKU-00536
B000000605,P000000014,Synthetic Product 268,SKU-00515
B000000275,P000000014,Synthetic Product 270,SKU-00518
B000000346,P000000014,Synthetic Product 271,SKU-00520
B000000521,P000000014,Synthetic Product 276,SKU-00526
B000000560,P000000014,Synthetic Product 281,SKU-00537
B000000161,P000000014,Synthetic Product 283,SKU-00540
B000000578,P000000014,Synthetic Product 270,SKU-00519
B000000054,P000000014,Synthetic Product 271,SKU-00521
B000000500,P000000014,Synthetic Product 273,SKU-00523
B000000123,P000000014,Synthetic Product 269,SKU-00516
B000000141,P000000014,Synthetic Product 284,SKU-00542
B000000492,P000000014,Synthetic Product 274,SKU-00524
B000000622,P000000014,Synthetic Product 276,SKU-00527
B000000280,P000000014,Synthetic Product 285,SKU-00544
B000000184,P000000014,Synthetic Product 279,SKU-00534
B000000265,P000000014,Synthetic Product 277,SKU-00528
B000000140,P000000014,Synthetic Product 278,SKU-00531
B000000621,P000000014,Synthetic Product 278,SKU-00532
B000000309,P000000014,Synthetic Product 278,SKU-00533
B000000442,P000000014,Synthetic Product 279,SKU-00535
B000000526,P000000014,Synthetic Product 281,SKU-00538
B000000369,P000000014,Synthetic Product 269,SKU-00517
B000000017,P000000014,Synthetic Product 284,SKU-00543
B000000474,P000000014,Synthetic Product 283,SKU-00541
B000000247,P000000014,Synthetic Product 277,SKU-00529
B000000569,P000000005,Synthetic Product 067,SKU-00168
B000000213,P000000005,Synthetic Product 077,SKU-00184
B000000139,P000000005,Synthetic Product 064,SKU-00164
B000000545,P000000005,Synthetic Product 074,SKU-00180
B000000223,P000000005,Synthetic Product 080,SKU-00189
B000000355,P000000005,Synthetic Product 070,SKU-00175
B000000478,P000000005,Synthetic Product 071,SKU-00176
B000000481,P000000005,Synthetic Product 066,SKU-00167
B000000444,P000000005,Synthetic Product 069,SKU-00173
B000000120,P000000005,Synthetic Product 068,SKU-00171
B000000558,P000000005,Synthetic Product 071,SKU-00177
B000000591,P000000005,Synthetic Product 080,SKU-00190
B000000064,P000000005,Synthetic Product 069,SKU-00174
B000000301,P000000005,Synthetic Product 067,SKU-00169
B000000177,P000000005,Synthetic Product 081,SKU-00192
B000000183,P000000005,Synthetic Product 063,SKU-00161
B000000374,P000000005,Synthetic Product 073,SKU-00179
B000000146,P000000005,Synthetic Product 080,SKU-00191
B000000472,P000000005,Synthetic Product 079,SKU-00188
B000000020,P000000005,Synthetic Product 072,SKU-00178
B000000557,P000000005,Synthetic Product 063,SKU-00162
B000000250,P000000005,Synthetic Product 076,SKU-00182
B000000624,P000000005,Synthetic Product 078,SKU-00185
B000000124,P000000005,Synthetic Product 063,SKU-00163
B000000598,P000000005,Synthetic Product 065,SKU-00165
B000000586,P000000005,Synthetic Product 078,SKU-00186
B000000289,P000000005,Synthetic Product 067,SKU-00170
B000000626,P000000005,Synthetic Product 076,SKU-00183
B000000487,P000000005,Synthetic Product 065,SKU-00166
B000000073,P000000005,Synthetic Product 078,SKU-00187
B000000053,P000000005,Synthetic Product 075,SKU-00181
B000000390,P000000005,Synthetic Product 068,SKU-00172
B000000619,P000000007,Synthetic Product 135,SKU-00303
B000000080,P000000007,Synthetic Product 132,SKU-00298
B000000617,P000000007,Synthetic Product 138,SKU-00307
B000000360,P000000007,Synthetic Product 133,SKU-00300
B000000334,P000000007,Synthetic Product 134,SKU-00301
B000000002,P000000007,Synthetic Product 127,SKU-00291
B000000087,P000000007,Synthetic Product 127,SKU-00292
B000000290,P000000007,Synthetic Product 128,SKU-00293
B000000620,P000000007,Synthetic Product 138,SKU-00308
B000000287,P000000007,Synthetic Product 137,SKU-00306
B000000421,P000000007,Synthetic Product 130,SKU-00295
B000000217,P000000007,Synthetic Product 140,SKU-00311
B000000341,P000000007,Synthetic Product 145,SKU-00319
B000000336,P000000007,Synthetic Product 144,SKU-00317
B000000561,P000000007,Synthetic Product 136,SKU-00304
B000000604,P000000007,Synthetic Product 146,SKU-00320
B000000284,P000000007,Synthetic Product 142,SKU-00314
B000000076,P000000007,Synthetic Product 136,SKU-00305
B000000468,P000000007,Synthetic Product 143,SKU-00315
B000000126,P000000007,Synthetic Product 141,SKU-00313
B000000208,P000000007,Synthetic Product 144,SKU-00318
B000000068,P000000007,Synthetic Product 139,SKU-00309
B000000172,P000000007,Synthetic Product 140,SKU-00312
B000000228,P000000007,Synthetic Product 125,SKU-00289
B000000202,P000000007,Synthetic Product 129,SKU-00294
B000000461,P000000007,Synthetic Product 130,SKU-00296
B000000040,P000000007,Synthetic Product 132,SKU-00299
B000000242,P000000007,Synthetic Product 134,SKU-00302
B000000219,P000000007,Synthetic Product 143,SKU-00316
B000000440,P000000007,Synthetic Product 139,SKU-00310
B000000106,P000000007,Synthetic Product 126,SKU-00290
B000000541,P000000007,Synthetic Product 131,SKU-00297
B000000352,P000000011,Synthetic Product 226,SKU-00445
B000000353,P000000011,Synthetic Product 216,SKU-00426
B000000006,P000000011,Synthetic Product 227,SKU-00447
B000000387,P000000011,Synthetic Product 210,SKU-00417
B000000633,P000000011,Synthetic Product 219,SKU-00432
B000000098,P000000011,Synthetic Product 222,SKU-00438
B000000520,P000000011,Synthetic Product 214,SKU-00423
B000000214,P000000011,Synthetic Product 217,SKU-00427
B000000452,P000000011,Synthetic Product 218,SKU-00430
B000000095,P000000011,Synthetic Product 212,SKU-00419
B000000600,P000000011,Synthetic Product 223,SKU-00439
B000000529,P000000011,Synthetic Product 225,SKU-00442
B000000024,P000000011,Synthetic Product 221,SKU-00435
B000000575,P000000011,Synthetic Product 224,SKU-00441
B000000010,P000000011,Synthetic Product 213,SKU-00421
B000000363,P000000011,Synthetic Product 211,SKU-00418
B000000542,P000000011,Synthetic Product 225,SKU-00443
B000000340,P000000011,Synthetic Product 215,SKU-00424
B000000298,P000000011,Synthetic Product 221,SKU-00436
B000000373,P000000011,Synthetic Product 217,SKU-00428
B000000244,P000000011,Synthetic Product 217,SKU-00429
B000000281,P000000011,Synthetic Product 215,SKU-00425
B000000439,P000000011,Synthetic Product 226,SKU-00446
B000000577,P000000011,Synthetic Product 219,SKU-00433
B000000203,P000000011,Synthetic Product 218,SKU-00431
B000000283,P000000011,Synthetic Product 227,SKU-00448
B000000241,P000000011,Synthetic Product 223,SKU-00440
B000000144,P000000011,Synthetic Product 212,SKU-00420
B000000266,P000000011,Synthetic Product 225,SKU-00444
B000000522,P000000011,Synthetic Product 220,SKU-00434
B000000429,P000000011,Synthetic Product 213,SKU-00422
B000000084,P000000011,Synthetic Product 221,SKU-00437
B000000431,P000000020,Synthetic Product 405,SKU-00276
B000000432,P000000020,Synthetic Product 397,SKU-00264
B000000402,P000000020,Synthetic Product 407,SKU-00284
B000000406,P000000020,Synthetic Product 394,SKU-00260
B000000093,P000000020,Synthetic Product 398,SKU-00266
B000000090,P000000020,Synthetic Product 401,SKU-00271
B000000210,P000000020,Synthetic Product 405,SKU-00277
B000000004,P000000020,Synthetic Product 402,SKU-00272
B000000535,P000000020,Synthetic Product 408,SKU-00285
B000000445,P000000020,Synthetic Product 403,SKU-00274
B000000324,P000000020,Synthetic Product 405,SKU-00278
B000000392,P000000020,Synthetic Product 391,SKU-00257
B000000288,P000000020,Synthetic Product 400,SKU-00269
B000000151,P000000020,Synthetic Product 406,SKU-00283
B000000380,P000000020,Synthetic Product 398,SKU-00267
B000000596,P000000020,Synthetic Product 405,SKU-00279
B000000430,P000000020,Synthetic Product 397,SKU-00265
B000000330,P000000020,Synthetic Product 409,SKU-00286
B000000379,P000000020,Synthetic Product 405,SKU-00280
B000000488,P000000020,Synthetic Product 396,SKU-00263
B000000065,P000000020,Synthetic Product 394,SKU-00261
B000000410,P000000020,Synthetic Product 404,SKU-00275
B000000471,P000000020,Synthetic Product 393,SKU-00259
B000000576,P000000020,Synthetic Product 405,SKU-00281
B000000377,P000000020,Synthetic Product 392,SKU-00258
B000000070,P000000020,Synthetic Product 402,SKU-00273
B000000306,P000000020,Synthetic Product 395,SKU-00262
B000000470,P000000020,Synthetic Product 400,SKU-00270
B000000400,P000000020,Synthetic Product 411,SKU-00288
B000000195,P000000020,Synthetic Product 410,SKU-00287
B000000081,P000000020,Synthetic Product 399,SKU-00268
B000000176,P000000020,Synthetic Product 405,SKU-00282
B000000255,P000000009,Synthetic Product 196,SKU-00140
B000000592,P000000009,Synthetic Product 205,SKU-00150
B000000078,P000000009,Synthetic Product 200,SKU-00145
B000000168,P000000009,Synthetic Product 204,SKU-00149
B000000311,P000000009,Synthetic Product 205,SKU-00151
B000000527,P000000009,Synthetic Product 194,SKU-00136
B000000333,P000000009,Synthetic Product 193,SKU-00135
B000000167,P000000009,Synthetic Product 205,SKU-00152
B000000501,P000000009,Synthetic Product 203,SKU-00148
B000000385,P000000009,Synthetic Product 206,SKU-00155
B000000570,P000000009,Synthetic Product 189,SKU-00130
B000000011,P000000009,Synthetic Product 202,SKU-00147
B000000546,P000000009,Synthetic Product 198,SKU-00142
B000000052,P000000009,Synthetic Product 188,SKU-00129
B000000574,P000000009,Synthetic Product 191,SKU-00133
B000000142,P000000009,Synthetic Product 195,SKU-00138
B000000047,P000000009,Synthetic Product 201,SKU-00146
B000000639,P000000009,Synthetic Product 205,SKU-00153
B000000438,P000000009,Synthetic Product 194,SKU-00137
B000000308,P000000009,Synthetic Product 199,SKU-00143
B000000273,P000000009,Synthetic Product 208,SKU-00157
B000000261,P000000009,Synthetic Product 205,SKU-00154
B000000212,P000000009,Synthetic Product 190,SKU-00131
B000000606,P000000009,Synthetic Product 199,SKU-00144
B000000460,P000000009,Synthetic Product 195,SKU-00139
B000000015,P000000009,Synthetic Product 208,SKU-00158
B000000201,P000000009,Synthetic Product 207,SKU-00156
B000000505,P000000009,Synthetic Product 209,SKU-00160
B000000018,P000000009,Synthetic Product 190,SKU-00132
B000000096,P000000009,Synthetic Product 197,SKU-00141
B000000544,P000000009,Synthetic Product 208,SKU-00159
B000000138,P000000009,Synthetic Product 192,SKU-00134
B000000173,P000000015,Synthetic Product 293,SKU-00365
B000000342,P000000015,Synthetic Product 293,SKU-00366
B000000260,P000000015,Synthetic Product 301,SKU-00378
B000000174,P000000015,Synthetic Product 295,SKU-00370
B000000236,P000000015,Synthetic Product 289,SKU-00357
B000000528,P000000015,Synthetic Product 292,SKU-00363
B000000381,P000000015,Synthetic Product 290,SKU-00361
B000000029,P000000015,Synthetic Product 299,SKU-00375
B000000271,P000000015,Synthetic Product 297,SKU-00372
B000000160,P000000015,Synthetic Product 301,SKU-00379
B000000573,P000000015,Synthetic Product 300,SKU-00376
B000000454,P000000015,Synthetic Product 291,SKU-00362
B000000517,P000000015,Synthetic Product 302,SKU-00381
B000000315,P000000015,Synthetic Product 289,SKU-00358
B000000386,P000000015,Synthetic Product 293,SKU-00367
B000000175,P000000015,Synthetic Product 304,SKU-00383
B000000057,P000000015,Synthetic Product 288,SKU-00355
B000000464,P000000015,Synthetic Product 303,SKU-00382
B000000083,P000000015,Synthetic Product 288,SKU-00356
B000000307,P000000015,Synthetic Product 305,SKU-00384
B000000103,P000000015,Synthetic Product 289,SKU-00359
B000000562,P000000015,Synthetic Product 294,SKU-00369
B000000409,P000000015,Synthetic Product 296,SKU-00371
B000000482,P000000015,Synthetic Product 301,SKU-00380
B000000286,P000000015,Synthetic Product 289,SKU-00360
B000000554,P000000015,Synthetic Product 300,SKU-00377
B000000127,P000000015,Synthetic Product 298,SKU-00374
B000000552,P000000015,Synthetic Product 292,SKU-00364
B000000230,P000000015,Synthetic Product 287,SKU-00354
B000000485,P000000015,Synthetic Product 293,SKU-00368
B000000525,P000000015,Synthetic Product 286,SKU-00353
B000000032,P000000015,Synthetic Product 297,SKU-00373
B000000031,P000000012,Synthetic Product 245,SKU-00091
B000000603,P000000012,Synthetic Product 233,SKU-00072
B000000121,P000000012,Synthetic Product 235,SKU-00076
B000000350,P000000012,Synthetic Product 241,SKU-00085
B000000291,P000000012,Synthetic Product 233,SKU-00073
B000000313,P000000012,Synthetic Product 239,SKU-00082
B000000636,P000000012,Synthetic Product 235,SKU-00077
B000000013,P000000012,Synthetic Product 230,SKU-00069
B000000489,P000000012,Synthetic Product 228,SKU-00065
B000000401,P000000012,Synthetic Product 240,SKU-00083
B000000239,P000000012,Synthetic Product 243,SKU-00089
B000000491,P000000012,Synthetic Product 238,SKU-00081
B000000008,P000000012,Synthetic Product 247,SKU-00095
B000000258,P000000012,Synthetic Product 236,SKU-00078
B000000012,P000000012,Synthetic Product 237,SKU-00079
B000000021,P000000012,Synthetic Product 229,SKU-00068
B000000036,P000000012,Synthetic Product 241,SKU-00086
B000000086,P000000012,Synthetic Product 228,SKU-00066
B000000615,P000000012,Synthetic Product 245,SKU-00092
B000000187,P000000012,Synthetic Product 246,SKU-00093
B000000511,P000000012,Synthetic Product 237,SKU-00080
B000000607,P000000012,Synthetic Product 228,SKU-00067
B000000066,P000000012,Synthetic Product 231,SKU-00070
B000000042,P000000012,Synthetic Product 234,SKU-00075
B000000503,P000000012,Synthetic Product 247,SKU-00096
B000000449,P000000012,Synthetic Product 241,SKU-00087
B000000039,P000000012,Synthetic Product 240,SKU-00084
B000000599,P000000012,Synthetic Product 244,SKU-00090
B000000358,P000000012,Synthetic Product 233,SKU-00074
B000000504,P000000012,Synthetic Product 246,SKU-00094
B000000628,P000000012,Synthetic Product 242,SKU-00088
B000000162,P000000012,Synthetic Product 232,SKU-00071
B000000398,P000000018,Synthetic Product 368,SKU-00249
B000000502,P000000018,Synthetic Product 363,SKU-00241
B000000022,P000000018,Synthetic Product 357,SKU-00235
B000000609,P000000018,Synthetic Product 349,SKU-00226
B000000218,P000000018,Synthetic Product 368,SKU-00250
B000000553,P000000018,Synthetic Product 370,SKU-00254
B000000132,P000000018,Synthetic Product 368,SKU-00251
B000000233,P000000018,Synthetic Product 368,SKU-00252
B000000427,P000000018,Synthetic Product 348,SKU-00225
B000000629,P000000018,Synthetic Product 356,SKU-00234
B000000312,P000000018,Synthetic Product 359,SKU-00237
B000000079,P000000018,Synthetic Product 358,SKU-00236
B000000157,P000000018,Synthetic Product 362,SKU-00240
B000000356,P000000018,Synthetic Product 352,SKU-00229
B000000067,P000000018,Synthetic Product 369,SKU-00253
B000000267,P000000018,Synthetic Product 365,SKU-00245
B000000317,P000000018,Synthetic Product 354,SKU-00232
B000000366,P000000018,Synthetic Product 350,SKU-00227
B000000395,P000000018,Synthetic Product 365,SKU-00246
B000000426,P000000018,Synthetic Product 353,SKU-00231
B000000638,P000000018,Synthetic Product 371,SKU-00255
B000000582,P000000018,Synthetic Product 364,SKU-00244
B000000166,P000000018,Synthetic Product 355,SKU-00233
B000000023,P000000018,Synthetic Product 371,SKU-00256
B000000297,P000000018,Synthetic Product 363,SKU-00242
B000000049,P000000018,Synthetic Product 360,SKU-00238
B000000130,P000000018,Synthetic Product 352,SKU-00230
B000000389,P000000018,Synthetic Product 363,SKU-00243
B000000589,P000000018,Synthetic Product 366,SKU-00247
B000000252,P000000018,Synthetic Product 367,SKU-00248
B000000117,P000000018,Synthetic Product 361,SKU-00239
B000000457,P000000018,Synthetic Product 351,SKU-00228
B000000531,P000000003,Synthetic Product 044,SKU-00454
B000000533,P000000003,Synthetic Product 060,SKU-00477
B000000229,P000000003,Synthetic Product 048,SKU-00460
B000000516,P000000003,Synthetic Product 061,SKU-00478
B000000537,P000000003,Synthetic Product 042,SKU-00450
B000000030,P000000003,Synthetic Product 050,SKU-00463
B000000338,P000000003,Synthetic Product 043,SKU-00451
B000000473,P000000003,Synthetic Product 041,SKU-00449
B000000424,P000000003,Synthetic Product 047,SKU-00458
B000000514,P000000003,Synthetic Product 045,SKU-00455
B000000403,P000000003,Synthetic Product 052,SKU-00467
B000000585,P000000003,Synthetic Product 055,SKU-00470
B000000110,P000000003,Synthetic Product 046,SKU-00456
B000000061,P000000003,Synthetic Product 043,SKU-00452
B000000112,P000000003,Synthetic Product 059,SKU-00476
B000000092,P000000003,Synthetic Product 056,SKU-00471
B000000423,P000000003,Synthetic Product 057,SKU-00473
B000000303,P000000003,Synthetic Product 046,SKU-00457
B000000331,P000000003,Synthetic Product 062,SKU-00480
B000000111,P000000003,Synthetic Product 051,SKU-00465
B000000143,P000000003,Synthetic Product 047,SKU-00459
B000000072,P000000003,Synthetic Product 048,SKU-00461
B000000014,P000000003,Synthetic Product 056,SKU-00472
B000000365,P000000003,Synthetic Product 053,SKU-00468
B000000469,P000000003,Synthetic Product 054,SKU-00469
B000000572,P000000003,Synthetic Product 043,SKU-00453
B000000045,P000000003,Synthetic Product 050,SKU-00464
B000000209,P000000003,Synthetic Product 058,SKU-00475
B000000593,P000000003,Synthetic Product 049,SKU-00462
B000000635,P000000003,Synthetic Product 051,SKU-00466
B000000005,P000000003,Synthetic Product 061,SKU-00479
B000000399,P000000003,Synthetic Product 057,SKU-00474
